email_gender_name_id_nationality_accessPeriodStart_accessPeriodEnd_numberofregisteredcourses_coursecode_index_status
amy@gmail.com_FEMALE_Amy_Amy_Singaporean_01/01/2020_01/01/2021_4_CZ2001_10481_REGISTERED_CZ2004_10486_REGISTERED_CZ2002_10483_REGISTERED_CZ2003_10484_REGISTERED
Bob@gmail.com_MALE_Bob_Bob_Singaporean_01/01/2020_01/01/2021_2_CZ2005_10488_REGISTERED_CZ2002_10483_REGISTERED
Charlie@gmail.com_MALE_Charlie_Charlie_Singaporean_01/01/2020_01/01/2021_4_CZ2001_10480_REGISTERED_CZ2002_10483_REGISTERED_CZ2003_10484_REGISTERED_CZ2004_10486_REGISTERED
daniel@hotmail.com_MALE_Daniel_Daniel_Singaporean_01/01/2020_01/01/2021_4_CZ2001_10481_REGISTERED_CZ2002_10483_WAITLIST_CZ2003_10484_REGISTERED_CZ2004_10486_REGISTERED
Edward@gmail.com_MALE_Edward_Edward_Singaporean_01/01/2020_01/01/2021_3_CZ2002_10483_WAITLIST_CZ2003_10484_REGISTERED_CZ2004_10486_REGISTERED
Frank@gmail.com_MALE_Frank_Frank_Singaporean_01/01/2020_01/01/2021_2_CZ2002_10482_REGISTERED_CZ2003_10484_REGISTERED
Gandhi@gmail.com_FEMALE_Gandhi_Gandhi_Singaporean_01/01/2020_01/01/2021_1_CZ2002_10482_REGISTERED
Helen@gmail.com_FEMALE_Helen_Helen_Singaporean_01/01/2020_01/01/2021_3_CZ2003_10485_REGISTERED_CZ2004_10487_REGISTERED_CZ2005_10488_WAITLIST
C190199@e.ntu.edu.sg_MALE_James_James_Singaporean_01/01/2020_01/01/2021_2_CZ2003_10485_REGISTERED_CZ2001_10480_REGISTERED
kevin@gmail.com_MALE_Kevin_Kevin_Singaporean_01/01/2020_01/01/2021_2_CZ2005_10488_WAITLIST_CZ2004_10487_REGISTERED
louis@gmail.com_MALE_Louis_Louis_Singaporean_01/01/2019_01/10/2020_0
max@gmail.com_MALE_Max_Max_Singaporean_01/01/2020_01/01/2021_2_CZ2005_10488_WAITLIST_CZ2004_10487_REGISTERED
nathan@gmail.com_MALE_Nathan_Nathan_Singaporean_01/01/2020_01/01/2022_3_CZ2004_10487_REGISTERED_CZ2003_10485_REGISTERED_CZ2001_10481_REGISTERED
Oscar@gmail.com_MALE_Oscar_Oscar_Singaporean_01/01/2020_01/01/2022_2_CZ2003_10485_REGISTERED_CZ2002_10483_WAITLIST
Penelope@gmail.com_FEMALE_Penelope_Penelope_Singaporean_01/01/2020_01/01/2022_4_CZ2005_10488_WAITLIST_CZ2004_10487_REGISTERED_CZ2003_10485_REGISTERED_CZ2002_10483_WAITLIST
123@gmail.com_MALE_Dino_Dino_Singaporean_01/01/2020_01/01/2021_0
